{
  "obsidian-editor-shortcuts:insertLineBelow": [],
  "editor:swap-line-down": [
    {
      "modifiers": [
        "Alt"
      ],
      "key": "ArrowDown"
    }
  ],
  "editor:delete-paragraph": [],
  "editor:set-heading-2": [
    {
      "modifiers": [
        "Mod"
      ],
      "key": "2"
    }
  ],
  "workspace:goto-tab-1": [],
  "workspace:goto-tab-2": [],
  "obsidian-editor-shortcuts:selectLine": [],
  "editor:set-heading-3": [
    {
      "modifiers": [
        "Mod"
      ],
      "key": "3"
    }
  ],
  "workspace:goto-tab-3": [],
  "editor:set-heading-4": [
    {
      "modifiers": [
        "Mod"
      ],
      "key": "4"
    }
  ],
  "workspace:goto-tab-4": [],
  "editor:set-heading-5": [
    {
      "modifiers": [
        "Mod"
      ],
      "key": "5"
    }
  ],
  "editor:set-heading-6": [
    {
      "modifiers": [
        "Mod"
      ],
      "key": "6"
    }
  ],
  "workspace:goto-tab-5": [],
  "workspace:goto-tab-6": [],
  "workspace:goto-tab-7": [],
  "workspace:goto-tab-8": [],
  "obsidian-editor-shortcuts:selectWordOrNextOccurrence": [],
  "editor:toggle-checklist-status": [],
  "app:delete-file": [
    {
      "modifiers": [
        "Mod"
      ],
      "key": "Delete"
    }
  ],
  "editor:toggle-comments": [],
  "obsidian-editor-shortcuts:deleteLine": [],
  "obsidian-editor-shortcuts:selectAllOccurrences": [],
  "easy-typing-obsidian:easy-typing-insert-codeblock": [],
  "easy-typing-obsidian:easy-typing-format-selection": [],
  "easy-typing-obsidian:easy-typing-format-switch": [],
  "easy-typing-obsidian:easy-typing-delete-blank-line": [],
  "easy-typing-obsidian:easy-typing-goto-new-line-after-cur-line": [],
  "easy-typing-obsidian:easy-typing-paste-without-format": [],
  "obsidian-excalidraw-plugin:save": [],
  "obsidian-excalidraw-plugin:insert-link": [],
  "open-with-default-app:open": [
    {
      "modifiers": [
        "Mod",
        "Shift"
      ],
      "key": "O"
    }
  ],
  "editor:attach-file": [
    {
      "modifiers": [
        "Mod",
        "Shift"
      ],
      "key": "A"
    }
  ],
  "app:open-help": [],
  "editor:follow-link": [],
  "outgoing-links:open": [
    {
      "modifiers": [
        "Mod"
      ],
      "key": "ArrowRight"
    }
  ],
  "outline:open": [
    {
      "modifiers": [
        "Mod",
        "Shift"
      ],
      "key": "/"
    }
  ],
  "backlink:open": [
    {
      "modifiers": [
        "Mod"
      ],
      "key": "ArrowLeft"
    }
  ],
  "app:go-back": [],
  "editor:toggle-highlight": [
    {
      "modifiers": [
        "Mod"
      ],
      "key": "H"
    }
  ],
  "workspace:close-window": [],
  "graph:open": [
    {
      "modifiers": [
        "Mod"
      ],
      "key": "R"
    }
  ],
  "file-explorer:move-file": [
    {
      "modifiers": [
        "Mod"
      ],
      "key": "M"
    }
  ],
  "editor:insert-codeblock": [
    {
      "modifiers": [
        "Mod"
      ],
      "key": "/"
    }
  ],
  "easy-typing-obsidian:easy-typing-toggle-comment": [],
  "obsidian-editor-shortcuts:duplicateLine": [
    {
      "modifiers": [
        "Mod"
      ],
      "key": "D"
    }
  ],
  "obsidian-auto-link-title:enhance-url-with-title": [],
  "app:go-forward": [],
  "editor:insert-embed": [
    {
      "modifiers": [
        "Mod",
        "Shift"
      ],
      "key": "E"
    }
  ],
  "editor:cycle-list-checklist": [
    {
      "modifiers": [
        "Mod"
      ],
      "key": "L"
    }
  ],
  "editor:clear-formatting": [
    {
      "modifiers": [
        "Mod"
      ],
      "key": "Q"
    }
  ],
  "editor:set-heading-1": [
    {
      "modifiers": [
        "Mod"
      ],
      "key": "1"
    }
  ],
  "markdown:add-alias": [
    {
      "modifiers": [
        "Alt",
        "Mod",
        "Shift"
      ],
      "key": "A"
    }
  ],
  "file-explorer:new-folder": [
    {
      "modifiers": [
        "Alt",
        "Mod",
        "Shift"
      ],
      "key": "N"
    }
  ],
  "file-explorer:reveal-active-file": [
    {
      "modifiers": [
        "Alt",
        "Mod",
        "Shift"
      ],
      "key": "E"
    }
  ],
  "editor:toggle-numbered-list": [
    {
      "modifiers": [
        "Mod",
        "Shift"
      ],
      "key": "L"
    }
  ],
  "editor:swap-line-up": [
    {
      "modifiers": [
        "Alt"
      ],
      "key": "ArrowUp"
    }
  ],
  "editor:open-search-replace": [
    {
      "modifiers": [
        "Mod",
        "Shift"
      ],
      "key": "H"
    }
  ],
  "open-with-default-app:show": [
    {
      "modifiers": [
        "Alt",
        "Mod",
        "Shift"
      ],
      "key": "S"
    }
  ],
  "editor:open-link-in-new-leaf": [],
  "editor:open-link-in-new-split": [],
  "editor:open-link-in-new-window": [],
  "file-explorer:new-file-in-new-pane": [],
  "workspace:next-tab": [
    {
      "modifiers": [
        "Ctrl"
      ],
      "key": "Tab"
    }
  ],
  "workspace:previous-tab": [
    {
      "modifiers": [
        "Ctrl",
        "Shift"
      ],
      "key": "Tab"
    }
  ],
  "workspace:goto-last-tab": [],
  "obsidian-editor-shortcuts:addCursorsToSelectionEnds": [],
  "obsidian-editor-shortcuts:copyLineDown": [],
  "obsidian-editor-shortcuts:copyLineUp": [],
  "obsidian-editor-shortcuts:insertLineAbove": [],
  "obsidian-editor-shortcuts:joinLines": [],
  "easy-typing-obsidian:easy-typing-format-article": [],
  "editing-toolbar:fullscreen-focus": [],
  "editing-toolbar:header0-text": [],
  "obsidian-git:open-git-view": [
    {
      "modifiers": [
        "Mod"
      ],
      "key": "G"
    }
  ],
  "obsidian-tasks-plugin:edit-task": [
    {
      "modifiers": [
        "Alt",
        "Mod",
        "Shift"
      ],
      "key": "T"
    }
  ],
  "note-composer:split-file": [
    {
      "modifiers": [
        "Mod",
        "Shift"
      ],
      "key": "R"
    }
  ],
  "app:reload": [
    {
      "modifiers": [
        "Alt",
        "Mod"
      ],
      "key": "A"
    }
  ],
  "quickadd:runQuickAdd": [
    {
      "modifiers": [
        "Mod",
        "Shift"
      ],
      "key": "Q"
    }
  ],
  "workspace:split-vertical": [
    {
      "modifiers": [
        "Alt",
        "Mod",
        "Shift"
      ],
      "key": "ArrowRight"
    }
  ],
  "workspace:split-horizontal": [
    {
      "modifiers": [
        "Alt",
        "Mod",
        "Shift"
      ],
      "key": "ArrowUp"
    }
  ],
  "Enhanced-editing:add-lines": [],
  "markdown:toggle-preview": [
    {
      "modifiers": [
        "Mod"
      ],
      "key": "U"
    }
  ],
  "editing-toolbar:editor:insert-callout": [
    {
      "modifiers": [
        "Mod"
      ],
      "key": "E"
    }
  ],
  "file-explorer:new-file": [],
  "zk-prefixer": [
    {
      "modifiers": [
        "Mod"
      ],
      "key": "N"
    }
  ],
  "obsidian-footnotes:insert-autonumbered-footnote": [
    {
      "modifiers": [
        "Alt"
      ],
      "key": "0"
    }
  ],
  "obsidian-footnotes:insert-named-footnote": [
    {
      "modifiers": [
        "Alt"
      ],
      "key": "-"
    }
  ],
  "note-chain:move_next_level": [
    {
      "modifiers": [
        "Mod",
        "Shift"
      ],
      "key": "K"
    }
  ],
  "note-chain:move_none_level": [],
  "editor:table-row-copy": [
    {
      "modifiers": [
        "Mod"
      ],
      "key": "D"
    }
  ],
  "nldates-obsidian:nlp-today": [
    {
      "modifiers": [
        "Mod",
        "Shift"
      ],
      "key": "D"
    }
  ]
}